{
    "loss": 1.049014925956726,
    "accuracy": 0.8480868339538574
}